<templateSet group="MyCustomLiveTemplates">
  <template name="snackbar short" value="com.google.android.material.snackbar.Snackbar.make($view$, &quot;$text$&quot;, Snackbar.LENGTH_SHORT).show()" description="Snackbar with short duration." toReformat="true" toShortenFQNames="true">
    <variable name="view" expression="" defaultValue="" alwaysStopAt="true" />
    <variable name="text" expression="" defaultValue="" alwaysStopAt="true" />
    <context>
      <option name="KOTLIN" value="true" />
    </context>
  </template>
  <template name="snackbar long" value="    com.google.android.material.snackbar.Snackbar.make($view$, &quot;$text$&quot;, Snackbar.LENGTH_LONG).show()" description="Snackbar with long duration." toReformat="false" toShortenFQNames="true">
    <variable name="view" expression="" defaultValue="" alwaysStopAt="true" />
    <variable name="text" expression="" defaultValue="" alwaysStopAt="true" />
    <context>
      <option name="KOTLIN" value="true" />
    </context>
  </template>
  <template name="toast short" value="android.widget.Toast.makeText($context$, &quot;$Text$&quot;, Toast.LENGTH_SHORT).show()&#10;" description="Toast with short duration." toReformat="false" toShortenFQNames="true">
    <variable name="context" expression="" defaultValue="" alwaysStopAt="true" />
    <variable name="Text" expression="" defaultValue="" alwaysStopAt="true" />
    <context>
      <option name="KOTLIN" value="true" />
    </context>
  </template>
  <template name="toast long" value="android.widget.Toast.makeText($context$, &quot;$Text$&quot;, Toast.LENGTH_LONG).show()&#10;" description="Toast with long duration." toReformat="false" toShortenFQNames="true">
    <variable name="context" expression="" defaultValue="" alwaysStopAt="true" />
    <variable name="Text" expression="" defaultValue="" alwaysStopAt="true" />
    <context>
      <option name="KOTLIN" value="true" />
    </context>
  </template>
  <template name="snackbar with action" value="com.google.android.material.snackbar.Snackbar.make($view$, &quot;$text$&quot;, Snackbar.LENGTH_LONG)&#10;                    .setAction($Stringres$) {&#10;                    }.show()" description="Snackbar with action button." toReformat="false" toShortenFQNames="true">
    <variable name="view" expression="" defaultValue="" alwaysStopAt="true" />
    <variable name="text" expression="" defaultValue="" alwaysStopAt="true" />
    <variable name="Stringres" expression="" defaultValue="" alwaysStopAt="true" />
    <context>
      <option name="KOTLIN" value="true" />
    </context>
  </template>
  <template name="region" value="/**&#10; */" description="Region" toReformat="false" toShortenFQNames="true">
    <context>
      <option name="KOTLIN" value="true" />
    </context>
  </template>
  <template name="alert" value=" androidx.appcompat.app.AlertDialog.Builder($context$)&#10;                    .setTitle($titlestringres$)&#10;                    .setMessage($messagestringres$)&#10;                    .setPositiveButton($positivebtnstringres$) { _, _ -&gt;&#10;                    }&#10;                    .setNegativeButton($negativebtnstringres$) { _, _ -&gt;&#10;                    }&#10;                    .setCancelable($isCancellable$)&#10;                    .create()&#10;                    .show()" description="Alert Dialog" toReformat="false" toShortenFQNames="true">
    <variable name="context" expression="" defaultValue="" alwaysStopAt="true" />
    <variable name="titlestringres" expression="" defaultValue="" alwaysStopAt="true" />
    <variable name="messagestringres" expression="" defaultValue="" alwaysStopAt="true" />
    <variable name="positivebtnstringres" expression="" defaultValue="" alwaysStopAt="true" />
    <variable name="negativebtnstringres" expression="" defaultValue="" alwaysStopAt="true" />
    <variable name="isCancellable" expression="" defaultValue="" alwaysStopAt="true" />
    <context>
      <option name="KOTLIN" value="true" />
    </context>
  </template>
  <template name="view binding" value=" buildFeatures {&#10;    viewBinding true&#10;}" description="Enable View Binding" toReformat="false" toShortenFQNames="true">
    <context>
      <option name="GROOVY" value="true" />
    </context>
  </template>
  <template name="data binding" value="buildFeatures {&#10;   dataBinding true&#10;}" description="Enable Data Binding" toReformat="false" toShortenFQNames="true">
    <context>
      <option name="GROOVY" value="true" />
    </context>
  </template>
  <template name="single permission" value="private val singlePermission =&#10;        registerForActivityResult(ActivityResultContracts.RequestPermission()) { isGranted -&gt;&#10;            if (isGranted) {&#10;&#10;            }&#10;        }" description="Request Single Permission" toReformat="false" toShortenFQNames="true">
    <context>
      <option name="KOTLIN" value="true" />
    </context>
  </template>
  <template name="multiple permissions" value="private val multiplePermission =&#10;        registerForActivityResult(ActivityResultContracts.RequestMultiplePermissions()) {&#10;            if (it.values.all { isGranted -&gt;&#10;                    isGranted == true&#10;                }) {&#10;&#10;            }&#10;        }&#10;" description="Request Multiple Permission" toReformat="false" toShortenFQNames="true">
    <context>
      <option name="KOTLIN" value="true" />
    </context>
  </template>
  <template name="pick file" value="private val pickFile =&#10;        registerForActivityResult(ActivityResultContracts.GetContent()) { uri -&gt;&#10;            uri?.let { uri -&gt;&#10;&#10;            }&#10;        }" description="Get Image, Audio, Video file" toReformat="false" toShortenFQNames="true">
    <context>
      <option name="KOTLIN" value="true" />
    </context>
  </template>
  <template name="view and data binding" value="buildFeatures {&#10;   viewBinding true&#10;   dataBinding true&#10;}" description="Enable view and data binding" toReformat="false" toShortenFQNames="true">
    <context>
      <option name="KOTLIN" value="true" />
    </context>
  </template>
</templateSet>